{
    "server": "102.214.66.39",
    "port": 5201,
    "start_time": 1772056026.5027971,
    "duration": 60,
    "interval": 0.2,
    "status": "success",
    "failure_reason": null,
    "end_time": 1772056088.9364076
}