{
    "server": "102.214.66.39",
    "port": 5201,
    "start_time": 1772061529.6836941,
    "duration": 60,
    "interval": 0.2,
    "status": "success",
    "failure_reason": null,
    "end_time": 1772061598.583651
}