{
    "server": "169.150.228.129",
    "port": 5201,
    "start_time": 1772062475.4903643,
    "duration": 60,
    "interval": 0.2,
    "status": "success",
    "failure_reason": null,
    "end_time": 1772062536.6455178
}