{
    "server": "109.61.86.65",
    "port": 5201,
    "start_time": 1772055778.458589,
    "duration": 60,
    "interval": 0.2,
    "status": "success",
    "failure_reason": null,
    "end_time": 1772055838.8579988
}