{
    "server": "69.48.237.66",
    "port": 30000,
    "start_time": 1772061913.67934,
    "duration": 60,
    "interval": 0.2,
    "status": "success",
    "failure_reason": null,
    "end_time": 1772061974.7869625
}