{
    "server": "96.45.39.38",
    "port": 30000,
    "start_time": 1772131796.198588,
    "duration": 60,
    "interval": 0.2,
    "status": "success",
    "failure_reason": null,
    "end_time": 1772131862.1203072
}