{
    "server": "66.35.27.207",
    "port": 30000,
    "start_time": 1772056161.0044882,
    "duration": 60,
    "interval": 0.2,
    "status": "success",
    "failure_reason": null,
    "end_time": 1772056221.285567
}