{
    "server": "185.152.67.2",
    "port": 5201,
    "start_time": 1772062597.5829628,
    "duration": 60,
    "interval": 0.2,
    "status": "success",
    "failure_reason": null,
    "end_time": 1772062658.395579
}