{
    "server": "169.150.238.161",
    "port": 5201,
    "start_time": 1772061402.6689777,
    "duration": 60,
    "interval": 0.2,
    "status": "success",
    "failure_reason": null,
    "end_time": 1772061464.8612864
}