{
    "server": "23.249.55.42",
    "port": 30000,
    "start_time": 1772061791.7972424,
    "duration": 60,
    "interval": 0.2,
    "status": "success",
    "failure_reason": null,
    "end_time": 1772061853.290588
}